fips,RegionName,year,zhvi_annual,STNAME,CTYNAME,domestic_mig,population,rdomestic_mig,yoy_growth,boom_growth_2020_2022,cooling_delta_2024_vs_2022,yoy_volatility,cluster,cluster_name
12001,Alachua County,2020,213860.29103251256,Florida,Alachua County,1315,279765,,,0.31970405208233,-0.1251151518849182,0.0641515551143868,0,Stable markets
12001,Alachua County,2021,244364.09988656055,Florida,Alachua County,1142,281710,4.0678569838,0.142634281038225,0.31970405208233,-0.1251151518849182,0.0641515551143868,0,Stable markets
12001,Alachua County,2022,282232.2926551132,Florida,Alachua County,1268,285241,4.4730496992,0.154966268720045,0.31970405208233,-0.1251151518849182,0.0641515551143868,0,Stable markets
12001,Alachua County,2023,295677.9482402525,Florida,Alachua County,408,288962,1.4211002032,0.0476403867844061,0.31970405208233,-0.1251151518849182,0.0641515551143868,0,Stable markets
12001,Alachua County,2024,304504.26521874283,Florida,Alachua County,-1141,291782,-3.929442233,0.0298511168351267,0.31970405208233,-0.1251151518849182,0.0641515551143868,0,Stable markets
12003,Baker County,2020,214588.8316808366,Florida,Baker County,-141,28122,,,0.3694148705867714,-0.1538882366212048,0.0942087943364279,0,Stable markets
12003,Baker County,2021,250077.26717842932,Florida,Baker County,216,28378,7.6460176991,0.1653787628163965,0.3694148705867714,-0.1538882366212048,0.0942087943364279,0,Stable markets
12003,Baker County,2022,293861.1371655793,Florida,Baker County,-657,27781,-23.39785253,0.1750813677754656,0.3694148705867714,-0.1538882366212048,0.0942087943364279,0,Stable markets
12003,Baker County,2023,292472.26511416334,Florida,Baker County,673,28542,23.897874758,-0.0047262869286229,0.3694148705867714,-0.1538882366212048,0.0942087943364279,0,Stable markets
12003,Baker County,2024,298670.66818771156,Florida,Baker County,709,29325,24.50446714,0.0211931311542608,0.3694148705867714,-0.1538882366212048,0.0942087943364279,0,Stable markets
12005,Bay County,2020,241755.73681988812,Florida,Bay County,-603,174543,,,0.4267888850024812,-0.2394282927105321,0.10873337056916,2,Balanced growth markets
12005,Bay County,2021,280783.60441330395,Florida,Bay County,5419,179548,30.607951063,0.1614351250017791,0.4267888850024812,-0.2394282927105321,0.10873337056916,2,Balanced growth markets
12005,Bay County,2022,344934.3981802015,Florida,Bay County,5261,185732,28.805300044,0.2284705828922608,0.4267888850024812,-0.2394282927105321,0.10873337056916,2,Balanced growth markets
12005,Bay County,2023,360465.9618485255,Florida,Bay County,4755,192422,25.14848448,0.0450275871303795,0.4267888850024812,-0.2394282927105321,0.10873337056916,2,Balanced growth markets
12005,Bay County,2024,356516.0804392253,Florida,Bay County,5074,199718,25.878512776,-0.0109577098182712,0.4267888850024812,-0.2394282927105321,0.10873337056916,2,Balanced growth markets
12007,Bradford County,2020,153594.9521196809,Florida,Bradford County,-60,28229,,,0.4289726402584133,-0.1819117018472527,0.090090135867604,0,Stable markets
12007,Bradford County,2021,180635.59401245796,Florida,Bradford County,-92,28057,-3.269018939,0.1760516313824365,0.4289726402584133,-0.1819117018472527,0.090090135867604,0,Stable markets
12007,Bradford County,2022,219482.984260825,Florida,Bradford County,-727,27275,-26.27774163,0.215059443077912,0.4289726402584133,-0.1819117018472527,0.090090135867604,0,Stable markets
12007,Bradford County,2023,230884.9771896248,Florida,Bradford County,561,27788,20.376659463,0.051949325216255,0.4289726402584133,-0.1819117018472527,0.090090135867604,0,Stable markets
12007,Bradford County,2024,238538.29266755315,Florida,Bradford County,345,28075,12.351645991,0.0331477412306593,0.4289726402584133,-0.1819117018472527,0.090090135867604,0,Stable markets
12009,Brevard County,2020,235133.5775729377,Florida,Brevard County,3197,608792,,,0.4555445439458652,-0.2284204339160491,0.1117541888722783,2,Balanced growth markets
12009,Brevard County,2021,277421.1778130057,Florida,Brevard County,13225,618000,21.5602971,0.1798450084269673,0.4555445439458652,-0.2284204339160491,0.1117541888722783,2,Balanced growth markets
12009,Brevard County,2022,342247.3959347613,Florida,Brevard County,15337,631956,24.54006381,0.2336743670140835,0.4555445439458652,-0.2284204339160491,0.1117541888722783,2,Balanced growth markets
12009,Brevard County,2023,352638.21877058357,Florida,Brevard County,14518,646705,22.708129833,0.0303605606916084,0.4555445439458652,-0.2284204339160491,0.1117541888722783,2,Balanced growth markets
12009,Brevard County,2024,354490.95637981425,Florida,Brevard County,11084,658447,16.984994851,0.0052539330980343,0.4555445439458652,-0.2284204339160491,0.1117541888722783,2,Balanced growth markets
12011,Broward County,2020,287895.9103291245,Florida,Broward County,-2344,1943497,,,0.3674491607236219,-0.1604753729577124,0.0700963786317317,0,Stable markets
12011,Broward County,2021,326355.5421022393,Florida,Broward County,-16151,1935655,-8.327077671,0.1335886700479611,0.3674491607236219,-0.1604753729577124,0.0700963786317317,0,Stable markets
12011,Broward County,2022,393683.02095532435,Florida,Broward County,-7039,1966237,-3.60799325,0.2063010127525057,0.3674491607236219,-0.1604753729577124,0.0700963786317317,0,Stable markets
12011,Broward County,2023,424871.21661515714,Florida,Broward County,-14875,2002786,-7.495547393,0.0792215919908114,0.3674491607236219,-0.1604753729577124,0.0700963786317317,0,Stable markets
12011,Broward County,2024,444341.21194693894,Florida,Broward County,-26339,2037472,-13.03827627,0.0458256397947933,0.3674491607236219,-0.1604753729577124,0.0700963786317317,0,Stable markets
12013,Calhoun County,2020,121588.57624709436,Florida,Calhoun County,98,13704,,,0.4037416403698217,-0.1105047299819175,0.0969579311367656,0,Stable markets
12013,Calhoun County,2021,149731.4975377157,Florida,Calhoun County,-103,13520,-7.566852777,0.2314602420660707,0.4037416403698217,-0.1105047299819175,0.0969579311367656,0,Stable markets
12013,Calhoun County,2022,170678.94747132738,Florida,Calhoun County,46,13462,3.4096805278,0.1399000896810989,0.4037416403698217,-0.1105047299819175,0.0969579311367656,0,Stable markets
12013,Calhoun County,2023,176154.2015960679,Florida,Calhoun County,106,13497,7.8637931674,0.0320792587829867,0.4037416403698217,-0.1105047299819175,0.0969579311367656,0,Stable markets
12013,Calhoun County,2024,181332.3177145064,Florida,Calhoun County,-149,13278,-11.12978525,0.0293953596991813,0.4037416403698217,-0.1105047299819175,0.0969579311367656,0,Stable markets
12015,Charlotte County,2020,229784.49316672012,Florida,Charlotte County,1999,188017,,,0.589723123533509,-0.3572256742451476,0.1673124177207063,1,Migration boom markets
12015,Charlotte County,2021,278155.5814086481,Florida,Charlotte County,9723,194982,50.77297852,0.2105063208370303,0.589723123533509,-0.3572256742451476,0.1673124177207063,1,Migration boom markets
12015,Charlotte County,2022,365293.72221656254,Florida,Charlotte County,9086,203113,45.647395722,0.313271228880706,0.589723123533509,-0.3572256742451476,0.1673124177207063,1,Migration boom markets
12015,Charlotte County,2023,369800.7490566041,Florida,Charlotte County,4949,207085,24.129810482,0.0123380900517353,0.589723123533509,-0.3572256742451476,0.1673124177207063,1,Migration boom markets
12015,Charlotte County,2024,353546.362236466,Florida,Charlotte County,5981,212122,28.534828855,-0.0439544453644416,0.589723123533509,-0.3572256742451476,0.1673124177207063,1,Migration boom markets
12017,Citrus County,2020,175601.68909551823,Florida,Citrus County,1415,154569,,,0.5369730975733848,-0.2464493342469991,0.1278475934650147,1,Migration boom markets
12017,Citrus County,2021,215431.77813898888,Florida,Citrus County,6336,158193,40.516431024,0.226820648757001,0.5369730975733848,-0.2464493342469991,0.1278475934650147,1,Migration boom markets
12017,Citrus County,2022,269895.0720282571,Florida,Citrus County,6392,162586,39.852982895,0.2528099352832267,0.5369730975733848,-0.2464493342469991,0.1278475934650147,1,Migration boom markets
12017,Citrus County,2023,278965.11034046725,Florida,Citrus County,5962,166836,36.196732459,0.0336057944446666,0.5369730975733848,-0.2464493342469991,0.1278475934650147,1,Migration boom markets
12017,Citrus County,2024,280739.49611037015,Florida,Citrus County,5163,170174,30.640040355,0.0063606010362275,0.5369730975733848,-0.2464493342469991,0.1278475934650147,1,Migration boom markets
12019,Clay County,2020,230668.2140494348,Florida,Clay County,682,218956,,,0.4462056569972117,-0.2380764161620443,0.1171913184896284,2,Balanced growth markets
12019,Clay County,2021,268358.05042208266,Florida,Clay County,3947,222671,17.874812908,0.163394148292016,0.4462056569972117,-0.2380764161620443,0.1171913184896284,2,Balanced growth markets
12019,Clay County,2022,333593.6760477363,Florida,Clay County,4082,226797,18.163695747,0.2430917407659238,0.4462056569972117,-0.2380764161620443,0.1171913184896284,2,Balanced growth markets
12019,Clay County,2023,337456.0679763775,Florida,Clay County,5405,232734,23.523984236,0.0115781329382529,0.4462056569972117,-0.2380764161620443,0.1171913184896284,2,Balanced growth markets
12019,Clay County,2024,339148.51969682786,Florida,Clay County,3459,236760,14.735012588,0.0050153246038795,0.4462056569972117,-0.2380764161620443,0.1171913184896284,2,Balanced growth markets
12021,Collier County,2020,360897.7912986335,Florida,Collier County,1950,377331,,,0.6148306795766552,-0.3548841071152762,0.1606522079225038,1,Migration boom markets
12021,Collier County,2021,429355.8469528383,Florida,Collier County,10857,387316,28.39741737,0.1896882089742619,0.6148306795766552,-0.3548841071152762,0.1606522079225038,1,Migration boom markets
12021,Collier County,2022,582788.8255804862,Florida,Collier County,8912,400510,22.624285058,0.3573562109764432,0.6148306795766552,-0.3548841071152762,0.1606522079225038,1,Migration boom markets
12021,Collier County,2023,608807.4064580303,Florida,Collier County,4059,410065,10.015112729,0.0446449549742624,0.6148306795766552,-0.3548841071152762,0.1606522079225038,1,Migration boom markets
12021,Collier County,2024,610312.4415982423,Florida,Collier County,-352,416233,-0.851992865,0.002472103861167,0.6148306795766552,-0.3548841071152762,0.1606522079225038,1,Migration boom markets
12023,Columbia County,2020,168759.2301382292,Florida,Columbia County,53,69760,,,0.4317395040815626,-0.1607749364556987,0.0912592062148938,0,Stable markets
12023,Columbia County,2021,199853.33810978688,Florida,Columbia County,409,69945,5.8551948749,0.184251302557429,0.4317395040815626,-0.1607749364556987,0.0912592062148938,0,Stable markets
12023,Columbia County,2022,241619.25646729456,Florida,Columbia County,2092,71941,29.488462569,0.2089828408798661,0.4317395040815626,-0.1607749364556987,0.0912592062148938,0,Stable markets
12023,Columbia County,2023,249279.54239692763,Florida,Columbia County,1318,73324,18.146146697,0.0317039545673378,0.4317395040815626,-0.1607749364556987,0.0912592062148938,0,Stable markets
12023,Columbia County,2024,261296.7867516989,Florida,Columbia County,514,73977,6.9789071357,0.0482079044241674,0.4317395040815626,-0.1607749364556987,0.0912592062148938,0,Stable markets
12027,De Soto County,2020,162032.06181717844,Florida,DeSoto County,160,34089,,,0.5407062441074963,-0.2842739481546252,0.136177482088722,1,Migration boom markets
12027,De Soto County,2021,192725.8895714076,Florida,DeSoto County,311,34341,9.0895805933,0.1894305818860786,0.5407062441074963,-0.2842739481546252,0.136177482088722,1,Migration boom markets
12027,De Soto County,2022,249643.80938733867,Florida,DeSoto County,935,35483,26.781622365,0.2953309487506201,0.5407062441074963,-0.2842739481546252,0.136177482088722,1,Migration boom markets
12027,De Soto County,2023,256369.5686841342,Florida,DeSoto County,592,36274,16.500132391,0.0269414223140622,0.5407062441074963,-0.2842739481546252,0.136177482088722,1,Migration boom markets
12027,De Soto County,2024,259204.2471578696,Florida,DeSoto County,298,36744,8.1623709222,0.0110570005959949,0.5407062441074963,-0.2842739481546252,0.136177482088722,1,Migration boom markets
12029,Dixie County,2020,129572.2199430966,Florida,Dixie County,-23,16685,,,0.5141852952728299,-0.1829127775874015,0.1281773882780694,2,Balanced growth markets
12029,Dixie County,2021,160502.81684062447,Florida,Dixie County,337,16929,20.051169156,0.238713181815604,0.5141852952728299,-0.1829127775874015,0.1281773882780694,2,Balanced growth markets
12029,Dixie County,2022,196196.35011369377,Florida,Dixie County,49,16839,2.9021558872,0.2223857124483499,0.5141852952728299,-0.1829127775874015,0.1281773882780694,2,Balanced growth markets
12029,Dixie County,2023,193245.61783414532,Florida,Dixie County,489,17221,28.714034058,-0.015039689973022,0.5141852952728299,-0.1829127775874015,0.1281773882780694,2,Balanced growth markets
12029,Dixie County,2024,200873.58951907625,Florida,Dixie County,515,17614,29.567963255,0.0394729348609483,0.5141852952728299,-0.1829127775874015,0.1281773882780694,2,Balanced growth markets
12031,Duval County,2020,206098.87321297496,Florida,Duval County,1372,997826,,,0.4446927876267321,-0.2354632612617115,0.1154115197298353,2,Balanced growth markets
12031,Duval County,2021,240463.97648132345,Florida,Duval County,1418,1002908,1.4174797849,0.1667408595331663,0.4446927876267321,-0.2354632612617115,0.1154115197298353,2,Balanced growth markets
12031,Duval County,2022,297749.5556687812,Florida,Duval County,8753,1021040,8.6494317048,0.2382293598638343,0.4446927876267321,-0.2354632612617115,0.1154115197298353,2,Balanced growth markets
12031,Duval County,2023,302466.9304518756,Florida,Duval County,4500,1038833,4.3692014022,0.015843431814696,0.4446927876267321,-0.2354632612617115,0.1154115197298353,2,Balanced growth markets
12031,Duval County,2024,303303.5838053869,Florida,Duval County,1137,1055159,1.0859640342,0.0027660986021227,0.4446927876267321,-0.2354632612617115,0.1154115197298353,2,Balanced growth markets
12033,Escambia County,2020,190656.74544708955,Florida,Escambia County,736,322612,,,0.3852900097666929,-0.1659393772026371,0.0872604285532416,0,Stable markets
12033,Escambia County,2021,223943.14372379685,Florida,Escambia County,1300,323468,4.0242694403,0.1745880965221071,0.3852900097666929,-0.1659393772026371,0.0872604285532416,0,Stable markets
12033,Escambia County,2022,264114.8847624846,Florida,Escambia County,575,324227,1.7755270613,0.179383661275355,0.3852900097666929,-0.1659393772026371,0.0872604285532416,0,Stable markets
12033,Escambia County,2023,274894.3484975334,Florida,Escambia County,2612,328034,8.0090638563,0.0408135412161365,0.3852900097666929,-0.1659393772026371,0.0872604285532416,0,Stable markets
12033,Escambia County,2024,278590.10620871896,Florida,Escambia County,1822,331275,5.5269987214,0.0134442840727178,0.3852900097666929,-0.1659393772026371,0.0872604285532416,0,Stable markets
12035,Flagler County,2020,253855.63191921636,Florida,Flagler County,1052,116032,,,0.5050516401546705,-0.2780796368564555,0.1432345021786897,1,Migration boom markets
12035,Flagler County,2021,305376.8611300716,Florida,Flagler County,6184,120996,52.179489343,0.2029548402032326,0.5050516401546705,-0.2780796368564555,0.1432345021786897,1,Migration boom markets
12035,Flagler County,2022,382065.8351825169,Florida,Flagler County,6261,126974,50.498044118,0.2511289616660923,0.5050516401546705,-0.2780796368564555,0.1432345021786897,1,Migration boom markets
12035,Flagler County,2023,378302.6776989933,Florida,Flagler County,5111,131892,39.487611351,-0.0098495001044149,0.5050516401546705,-0.2780796368564555,0.1432345021786897,1,Migration boom markets
12035,Flagler County,2024,368107.16510868305,Florida,Flagler County,5077,136744,37.798359118,-0.0269506751903632,0.5050516401546705,-0.2780796368564555,0.1432345021786897,1,Migration boom markets
12037,Franklin County,2020,299800.9455694294,Florida,Franklin County,38,12474,,,0.4374190349516473,-0.1537934628118205,0.1076552349957914,2,Balanced growth markets
12037,Franklin County,2021,360242.57264584396,Florida,Franklin County,-208,12194,-16.8639533,0.2016058587194056,0.4374190349516473,-0.1537934628118205,0.1076552349957914,2,Balanced growth markets
12037,Franklin County,2022,430939.5858580005,Florida,Franklin County,383,12491,31.03099048,0.196248357580044,0.4374190349516473,-0.1537934628118205,0.1076552349957914,2,Balanced growth markets
12037,Franklin County,2023,426630.78848552174,Florida,Franklin County,188,12628,14.968748756,-0.0099986112064871,0.4374190349516473,-0.1537934628118205,0.1076552349957914,2,Balanced growth markets
12037,Franklin County,2024,444743.3537155588,Florida,Franklin County,392,12979,30.616628266,0.0424548947682235,0.4374190349516473,-0.1537934628118205,0.1076552349957914,2,Balanced growth markets
12039,Gadsden County,2020,128090.22922935068,Florida,Gadsden County,-313,43408,,,0.3497665247409669,-0.1180372047617392,0.0540357217003472,0,Stable markets
12039,Gadsden County,2021,146681.44292484238,Florida,Gadsden County,142,43502,3.2677482453,0.1451415444202493,0.3497665247409669,-0.1180372047617392,0.0540357217003472,0,Stable markets
12039,Gadsden County,2022,172891.90356017448,Florida,Gadsden County,27,43389,0.6214682763,0.178689683662043,0.3497665247409669,-0.1180372047617392,0.0540357217003472,0,Stable markets
12039,Gadsden County,2023,187685.7753985004,Florida,Gadsden County,597,44100,13.647429963,0.0855671754066664,0.3497665247409669,-0.1180372047617392,0.0540357217003472,0,Stable markets
12039,Gadsden County,2024,199069.3829307451,Florida,Gadsden County,-88,44151,-1.994311679,0.0606524789003037,0.3497665247409669,-0.1180372047617392,0.0540357217003472,0,Stable markets
12041,Gilchrist County,2020,176041.44617972244,Florida,Gilchrist County,27,17885,,,0.4440962853742032,-0.1319692832747516,0.0813368548616895,0,Stable markets
12041,Gilchrist County,2021,213700.79959736575,Florida,Gilchrist County,503,18319,27.786984864,0.2139232222575389,0.4440962853742032,-0.1319692832747516,0.0813368548616895,0,Stable markets
12041,Gilchrist County,2022,254220.79850003988,Florida,Gilchrist County,686,19027,36.737535479,0.1896108904553373,0.4440962853742032,-0.1319692832747516,0.0813368548616895,0,Stable markets
12041,Gilchrist County,2023,271131.8672631861,Florida,Gilchrist County,575,19735,29.668231773,0.0665211849814229,0.4440962853742032,-0.1319692832747516,0.0813368548616895,0,Stable markets
12041,Gilchrist County,2024,286760.3438501093,Florida,Gilchrist County,337,20233,16.863490793,0.0576416071805856,0.4440962853742032,-0.1319692832747516,0.0813368548616895,0,Stable markets
12043,Glades County,2020,147318.75302084282,Florida,Glades County,-16,12079,,,0.5163758460633343,-0.205047368420435,0.0973737699722446,2,Balanced growth markets
12043,Glades County,2021,176857.94429774597,Florida,Glades County,302,12269,24.806965665,0.2005120914424514,0.5163758460633343,-0.205047368420435,0.0973737699722446,2,Balanced growth markets
12043,Glades County,2022,223390.59875297593,Florida,Glades County,252,12496,20.351302241,0.2631075162611342,0.5163758460633343,-0.205047368420435,0.0973737699722446,2,Balanced growth markets
12043,Glades County,2023,241665.5307356018,Florida,Glades County,356,12839,28.103414249,0.0818070773105101,0.5163758460633343,-0.205047368420435,0.0973737699722446,2,Balanced growth markets
12043,Glades County,2024,255696.66717811188,Florida,Glades County,318,13132,24.488852951,0.0580601478406992,0.5163758460633343,-0.205047368420435,0.0973737699722446,2,Balanced growth markets
12045,Gulf County,2020,262962.6301071725,Florida,Gulf County,91,14259,,,0.4446679275717204,-0.2045100252331981,0.0929810679254553,2,Balanced growth markets
12045,Gulf County,2021,308494.43193321343,Florida,Gulf County,342,14462,23.815326764,0.1731493247062676,0.4446679275717204,-0.2045100252331981,0.0929810679254553,2,Balanced growth markets
12045,Gulf County,2022,379893.67786573776,Florida,Gulf County,877,15302,58.93025131,0.2314441965292315,0.4446679275717204,-0.2045100252331981,0.0929810679254553,2,Balanced growth markets
12045,Gulf County,2023,407726.451727554,Florida,Gulf County,531,15757,34.19298754,0.0732646408284081,0.4446679275717204,-0.2045100252331981,0.0929810679254553,2,Balanced growth markets
12045,Gulf County,2024,418708.22582030785,Florida,Gulf County,203,15876,12.834697942,0.0269341712960333,0.4446679275717204,-0.2045100252331981,0.0929810679254553,2,Balanced growth markets
12047,Hamilton County,2020,114008.84066773864,Florida,Hamilton County,-212,13736,,,0.5291952267756255,-0.1996341829495487,0.1051927041141667,2,Balanced growth markets
12047,Hamilton County,2021,140149.4350083235,Florida,Hamilton County,-569,13073,-42.4484315,0.2292856780884882,0.5291952267756255,-0.1996341829495487,0.1051927041141667,2,Balanced growth markets
12047,Hamilton County,2022,174341.77495932873,Florida,Hamilton County,175,13216,13.313553197,0.2439705871734305,0.5291952267756255,-0.1996341829495487,0.1051927041141667,2,Balanced growth markets
12047,Hamilton County,2023,185928.88297290856,Florida,Hamilton County,497,13721,36.900916954,0.0664620284856163,0.5291952267756255,-0.1996341829495487,0.1051927041141667,2,Balanced growth markets
12047,Hamilton County,2024,194172.30108529024,Florida,Hamilton County,621,14334,44.270183568,0.0443364042238818,0.5291952267756255,-0.1996341829495487,0.1051927041141667,2,Balanced growth markets
12049,Hardee County,2020,132527.92986710093,Florida,Hardee County,-24,25341,,,0.4456981647751603,-0.1298650138331183,0.0792414720358869,0,Stable markets
12049,Hardee County,2021,158097.0641240709,Florida,Hardee County,-96,25328,-3.789299177,0.1929339293431256,0.4456981647751603,-0.1298650138331183,0.0792414720358869,0,Stable markets
12049,Hardee County,2022,191595.38499031897,Florida,Hardee County,288,25692,11.289690318,0.2118845220298295,0.4456981647751603,-0.1298650138331183,0.0792414720358869,0,Stable markets
12049,Hardee County,2023,201704.2454919952,Florida,Hardee County,79,25944,3.0598807034,0.0527615031133814,0.4456981647751603,-0.1298650138331183,0.0792414720358869,0,Stable markets
12049,Hardee County,2024,218247.92850843736,Florida,Hardee County,-56,26068,-2.153349227,0.0820195081967112,0.4456981647751603,-0.1298650138331183,0.0792414720358869,0,Stable markets
12051,Hendry County,2020,160592.31675117768,Florida,Hendry County,62,39723,,,0.4991284751298843,-0.1892928060412988,0.08693582187122,2,Balanced growth markets
12051,Hendry County,2021,192706.0548365504,Florida,Hendry County,294,40221,7.355148604,0.1999705760215779,0.4991284751298843,-0.1892928060412988,0.08693582187122,2,Balanced growth markets
12051,Hendry County,2022,240748.5149287684,Florida,Hendry County,756,41725,18.451175164,0.2493043621954001,0.4991284751298843,-0.1892928060412988,0.08693582187122,2,Balanced growth markets
12051,Hendry County,2023,265435.6044271841,Florida,Hendry County,1354,44111,31.548534414,0.1025430603620545,0.4991284751298843,-0.1892928060412988,0.08693582187122,2,Balanced growth markets
12051,Hendry County,2024,281364.8081075639,Florida,Hendry County,856,46130,18.971420973,0.0600115561541012,0.4991284751298843,-0.1892928060412988,0.08693582187122,2,Balanced growth markets
12053,Hernando County,2020,192284.9792427151,Florida,Hernando County,1667,195629,,,0.5952217200341636,-0.2809013136553204,0.1423396213110902,1,Migration boom markets
12053,Hernando County,2021,235855.33677399848,Florida,Hernando County,7218,200727,36.421802622,0.2265926215499438,0.5952217200341636,-0.2809013136553204,0.1423396213110902,1,Migration boom markets
12053,Hernando County,2022,306737.17532429745,Florida,Hernando County,7530,207169,36.921175986,0.300530992937503,0.5952217200341636,-0.2809013136553204,0.1423396213110902,1,Migration boom markets
12053,Hernando County,2023,314622.2949957323,Florida,Hernando County,6873,213415,32.68312632,0.025706436342769,0.5952217200341636,-0.2809013136553204,0.1423396213110902,1,Migration boom markets
12053,Hernando County,2024,320798.2297415228,Florida,Hernando County,5344,218150,24.765678403,0.0196296792821826,0.5952217200341636,-0.2809013136553204,0.1423396213110902,1,Migration boom markets
12055,Highlands County,2020,144904.40711307758,Florida,Highlands County,407,101340,,,0.4707577595000241,-0.1984139965957301,0.0955626820624108,2,Balanced growth markets
12055,Highlands County,2021,171863.97408924234,Florida,Highlands County,3305,103286,32.302835417,0.186050704138533,0.4707577595000241,-0.1984139965957301,0.0955626820624108,2,Balanced growth markets
12055,Highlands County,2022,213119.28114730935,Florida,Highlands County,3231,105954,30.88319633,0.2400462765782707,0.4707577595000241,-0.1984139965957301,0.0955626820624108,2,Balanced growth markets
12055,Highlands County,2023,226736.7382278637,Florida,Highlands County,2608,108151,24.361878518,0.0638959413115789,0.4707577595000241,-0.1984139965957301,0.0955626820624108,2,Balanced growth markets
12055,Highlands County,2024,236176.30559609417,Florida,Highlands County,2047,109778,18.785934869,0.0416322799825406,0.4707577595000241,-0.1984139965957301,0.0955626820624108,2,Balanced growth markets
12057,Hillsborough County,2020,249052.41130846788,Florida,Hillsborough County,5514,1466320,,,0.516208550863799,-0.2561154937423073,0.1272748944517537,2,Balanced growth markets
12057,Hillsborough County,2021,296556.9721573843,Florida,Hillsborough County,11703,1484844,7.9311078612,0.1907412202890857,0.516208550863799,-0.2561154937423073,0.1272748944517537,2,Balanced growth markets
12057,Hillsborough County,2022,377615.3956391469,Florida,Hillsborough County,15886,1523839,10.560102211,0.2733317071997365,0.516208550863799,-0.2561154937423073,0.1272748944517537,2,Balanced growth markets
12057,Hillsborough County,2023,385834.1675928211,Florida,Hillsborough County,3458,1557313,2.2446150011,0.0217649281480254,0.516208550863799,-0.2561154937423073,0.1272748944517537,2,Balanced growth markets
12057,Hillsborough County,2024,392476.77098126867,Florida,Hillsborough County,-11188,1581426,-7.128977593,0.0172162134574291,0.516208550863799,-0.2561154937423073,0.1272748944517537,2,Balanced growth markets
12059,Holmes County,2020,133970.97671908696,Florida,Holmes County,-48,19569,,,0.4074457236529984,-0.1257112496590189,0.106601037624636,0,Stable markets
12059,Holmes County,2021,160933.66556184937,Florida,Holmes County,-276,19136,-14.26172329,0.2012576865756403,0.4074457236529984,-0.1257112496590189,0.106601037624636,0,Stable markets
12059,Holmes County,2022,188556.87827689436,Florida,Holmes County,336,19324,17.472698908,0.1716434694916517,0.4074457236529984,-0.1257112496590189,0.106601037624636,0,Stable markets
12059,Holmes County,2023,183715.9775403838,Florida,Holmes County,427,19662,21.905299338,-0.0256734242778549,0.4074457236529984,-0.1257112496590189,0.106601037624636,0,Stable markets
12059,Holmes County,2024,192154.46020753577,Florida,Holmes County,304,19876,15.377611412,0.0459322198326328,0.4074457236529984,-0.1257112496590189,0.106601037624636,0,Stable markets
12061,Indian River County,2020,248905.9449705225,Florida,Indian River County,1108,160452,,,0.4829772529582632,-0.2665453089981429,0.1229363603753705,2,Balanced growth markets
12061,Indian River County,2021,290630.7869039937,Florida,Indian River County,4892,163903,30.164480276,0.1676329664942819,0.4829772529582632,-0.2665453089981429,0.1229363603753705,2,Balanced growth markets
12061,Indian River County,2022,369121.8545173661,Florida,Indian River County,4396,167698,26.513792178,0.2700714141454703,0.4829772529582632,-0.2665453089981429,0.1229363603753705,2,Balanced growth markets
12061,Indian River County,2023,382566.80083570274,Florida,Indian River County,3172,170487,18.758963289,0.0364241405752476,0.4829772529582632,-0.2665453089981429,0.1229363603753705,2,Balanced growth markets
12061,Indian River County,2024,383915.7716013261,Florida,Indian River County,1946,172139,11.359324745,0.0035261051473274,0.4829772529582632,-0.2665453089981429,0.1229363603753705,2,Balanced growth markets
12063,Jackson County,2020,121028.99895442608,Florida,Jackson County,-137,47106,,,0.3845120845128582,-0.1296241166561889,0.0912558656424083,0,Stable markets
12063,Jackson County,2021,144674.27638154305,Florida,Jackson County,353,47138,7.4911930733,0.1953686937129892,0.3845120845128582,-0.1296241166561889,0.0912558656424083,0,Stable markets
12063,Jackson County,2022,167566.111628897,Florida,Jackson County,1259,48294,26.385279571,0.1582301693148429,0.3845120845128582,-0.1296241166561889,0.0912558656424083,0,Stable markets
12063,Jackson County,2023,169904.68626876347,Florida,Jackson County,553,48731,11.399123937,0.0139561312077565,0.3845120845128582,-0.1296241166561889,0.0912558656424083,0,Stable markets
12063,Jackson County,2024,174764.98867111982,Florida,Jackson County,1353,49980,27.413358187,0.028606052658654,0.3845120845128582,-0.1296241166561889,0.0912558656424083,0,Stable markets
12065,Jefferson County,2020,187604.77475506128,Florida,Jefferson County,-61,14402,,,0.3874266590358135,-0.1424351340689278,0.0741038805935193,0,Stable markets
12065,Jefferson County,2021,220044.2490061487,Florida,Jefferson County,175,14497,12.111145714,0.1729139052747497,0.3874266590358135,-0.1424351340689278,0.0741038805935193,0,Stable markets
12065,Jefferson County,2022,260287.865857581,Florida,Jefferson County,591,15090,39.949978031,0.1828887463916759,0.3874266590358135,-0.1424351340689278,0.0741038805935193,0,Stable markets
12065,Jefferson County,2023,276068.10879432404,Florida,Jefferson County,481,15547,31.399941248,0.0606261182585337,0.3874266590358135,-0.1424351340689278,0.0741038805935193,0,Stable markets
12065,Jefferson County,2024,287236.06104216387,Florida,Jefferson County,422,15921,26.82089742,0.0404536123227481,0.3874266590358135,-0.1424351340689278,0.0741038805935193,0,Stable markets
12067,Lafayette County,2020,147568.24001890185,Florida,Lafayette County,1,8230,,,0.4560373346927635,-0.088235952458473,0.1026608207092661,0,Stable markets
12067,Lafayette County,2021,181116.1895343792,Florida,Lafayette County,-192,7957,-23.72274047,0.2273385486686039,0.4560373346927635,-0.088235952458473,0.1026608207092661,0,Stable markets
12067,Lafayette County,2022,214864.86688242387,Florida,Lafayette County,-140,7786,-17.78568253,0.1863371653014958,0.4560373346927635,-0.088235952458473,0.1026608207092661,0,Stable markets
12067,Lafayette County,2023,213978.43981004716,Florida,Lafayette County,417,8192,52.19677056,-0.0041255096062855,0.4560373346927635,-0.088235952458473,0.1026608207092661,0,Stable markets
12067,Lafayette County,2024,234969.98427767053,Florida,Lafayette County,461,8640,54.77661597,0.0981012128430227,0.4560373346927635,-0.088235952458473,0.1026608207092661,0,Stable markets
12069,Lake County,2020,249892.06145576868,Florida,Lake County,2941,386238,,,0.4303726509925256,-0.2335337766773126,0.1093258092481736,2,Balanced growth markets
12069,Lake County,2021,286856.95569738146,Florida,Lake County,12486,396414,31.906901151,0.1479234435310608,0.4303726509925256,-0.2335337766773126,0.1093258092481736,2,Balanced growth markets
12069,Lake County,2022,357438.770406475,Florida,Lake County,14304,410981,35.432471095,0.2460523034468564,0.4303726509925256,-0.2335337766773126,0.1093258092481736,2,Balanced growth markets
12069,Lake County,2023,368142.9292978498,Florida,Lake County,14224,426782,33.957097652,0.0299468322342375,0.4303726509925256,-0.2335337766773126,0.1093258092481736,2,Balanced growth markets
12069,Lake County,2024,372751.53641328326,Florida,Lake County,15627,444204,35.883469998,0.0125185267695437,0.4303726509925256,-0.2335337766773126,0.1093258092481736,2,Balanced growth markets
12071,Lee County,2020,244122.69247808465,Florida,Lee County,5781,765566,,,0.5854924173224165,-0.3464065897602127,0.158709809011539,1,Migration boom markets
12071,Lee County,2021,293139.1022534335,Florida,Lee County,27903,791013,35.851697858,0.2007859624919921,0.5854924173224165,-0.3464065897602127,0.158709809011539,1,Migration boom markets
12071,Lee County,2022,387054.6778203353,Florida,Lee County,28652,826567,35.425759468,0.320378874210057,0.5854924173224165,-0.3464065897602127,0.158709809011539,1,Migration boom markets
12071,Lee County,2023,398716.80181127024,Florida,Lee County,7891,844226,9.4458140536,0.0301304302963321,0.5854924173224165,-0.3464065897602127,0.158709809011539,1,Migration boom markets
12071,Lee County,2024,388339.1143086587,Florida,Lee County,5000,860959,5.8644663189,-0.0260277155501557,0.5854924173224165,-0.3464065897602127,0.158709809011539,1,Migration boom markets
12073,Leon County,2020,213288.2507675299,Florida,Leon County,1719,293961,,,0.2363746370258506,-0.0830102016109888,0.0417238525361454,0,Stable markets
12073,Leon County,2021,235816.9238219359,Florida,Leon County,1370,296057,4.6439261175,0.1056254761963459,0.2363746370258506,-0.0830102016109888,0.0417238525361454,0,Stable markets
12073,Leon County,2022,263704.1836245834,Florida,Leon County,531,298181,1.7871627193,0.1182580934000523,0.2363746370258506,-0.0830102016109888,0.0417238525361454,0,Stable markets
12073,Leon County,2023,275839.75843221135,Florida,Leon County,-1905,299024,-6.379718857,0.0460196521755016,0.2363746370258506,-0.0830102016109888,0.0417238525361454,0,Stable markets
12073,Leon County,2024,285562.5283885514,Florida,Leon County,-1730,300488,-5.771360707,0.0352478917890635,0.2363746370258506,-0.0830102016109888,0.0417238525361454,0,Stable markets
12075,Levy County,2020,181842.7761814636,Florida,Levy County,229,43065,,,0.4410406863354332,-0.1592223158595234,0.0869542047839146,2,Balanced growth markets
12075,Levy County,2021,216435.9085905543,Florida,Levy County,1464,44169,33.564894422,0.1902364951499073,0.4410406863354332,-0.1592223158595234,0.0869542047839146,2,Balanced growth markets
12075,Levy County,2022,262042.83899367685,Florida,Levy County,1305,45291,29.175050302,0.2107179474058536,0.4410406863354332,-0.1592223158595234,0.0869542047839146,2,Balanced growth markets
12075,Levy County,2023,275052.7094441696,Florida,Levy County,1442,46665,31.362825699,0.0496478762802852,0.4410406863354332,-0.1592223158595234,0.0869542047839146,2,Balanced growth markets
12075,Levy County,2024,289216.72242552636,Florida,Levy County,1156,47765,24.483744573,0.0514956315463301,0.4410406863354332,-0.1592223158595234,0.0869542047839146,2,Balanced growth markets
12077,Liberty County,2020,124181.88156857656,Florida,Liberty County,-137,7806,,,0.366930184416169,-0.0809880218358116,0.0643027337426781,0,Stable markets
12077,Liberty County,2021,147231.27069660905,Florida,Liberty County,-428,7294,-56.68874172,0.1856099201984147,0.366930184416169,-0.0809880218358116,0.0643027337426781,0,Stable markets
12077,Liberty County,2022,169747.96227368122,Florida,Liberty County,305,7609,40.931356103,0.1529341658910967,0.366930184416169,-0.0809880218358116,0.0643027337426781,0,Stable markets
12077,Liberty County,2023,178364.70860752347,Florida,Liberty County,146,7771,18.985695709,0.0507620016077108,0.366930184416169,-0.0809880218358116,0.0643027337426781,0,Stable markets
12077,Liberty County,2024,191197.3616273793,Florida,Liberty County,159,7955,20.221289584,0.0719461440552851,0.366930184416169,-0.0809880218358116,0.0643027337426781,0,Stable markets
12079,Madison County,2020,128285.4240294022,Florida,Madison County,-88,17838,,,0.4913573097901456,-0.1858472881854913,0.1135555688777146,2,Balanced growth markets
12079,Madison County,2021,156184.03633456782,Florida,Madison County,170,17943,9.5022497974,0.2174729710428475,0.4913573097901456,-0.1858472881854913,0.1135555688777146,2,Balanced growth markets
12079,Madison County,2022,191319.40486577735,Florida,Madison County,112,17978,6.2359065728,0.2249613299527277,0.4913573097901456,-0.1858472881854913,0.1135555688777146,2,Balanced growth markets
12079,Madison County,2023,193610.00640569616,Florida,Madison County,458,18322,25.23415978,0.0119726566237534,0.4913573097901456,-0.1858472881854913,0.1135555688777146,2,Balanced growth markets
12079,Madison County,2024,201182.87628280345,Florida,Madison County,195,18364,10.630758327,0.0391140417672364,0.4913573097901456,-0.1858472881854913,0.1135555688777146,2,Balanced growth markets
12081,Manatee County,2020,287163.9884476756,Florida,Manatee County,2578,401644,,,0.5656862132632743,-0.3371312902467258,0.1540539637539388,1,Migration boom markets
12081,Manatee County,2021,340864.41873756243,Florida,Manatee County,13948,413805,34.209374222,0.1870026620683729,0.5656862132632743,-0.3371312902467258,0.1540539637539388,1,Migration boom markets
12081,Manatee County,2022,449608.69765821984,Florida,Manatee County,15149,430700,35.876637794,0.3190250226861653,0.5656862132632743,-0.3371312902467258,0.1540539637539388,1,Migration boom markets
12081,Manatee County,2023,462459.21699100005,Florida,Manatee County,10931,444457,24.980660613,0.0285815630340604,0.5656862132632743,-0.3371312902467258,0.1540539637539388,1,Migration boom markets
12081,Manatee County,2024,454085.80667231366,Florida,Manatee County,10615,458352,23.515494418,-0.0181062675605605,0.5656862132632743,-0.3371312902467258,0.1540539637539388,1,Migration boom markets
12083,Marion County,2020,178324.74158337052,Florida,Marion County,2295,377464,,,0.522989338503381,-0.2840358295059448,0.1308622618794167,1,Migration boom markets
12083,Marion County,2021,211588.24692946055,Florida,Marion County,11066,385024,29.026030574,0.1865333158525211,0.522989338503381,-0.2840358295059448,0.1308622618794167,1,Migration boom markets
12083,Marion County,2022,271586.68022284383,Florida,Marion County,13113,396661,33.550599026,0.2835622212673543,0.522989338503381,-0.2840358295059448,0.1308622618794167,1,Migration boom markets
12083,Marion County,2023,283235.1501806906,Florida,Marion County,15327,412338,37.89127057,0.0428904316967564,0.522989338503381,-0.2840358295059448,0.1308622618794167,1,Migration boom markets
12083,Marion County,2024,283101.00768010656,Florida,Marion County,16105,428905,38.288580113,-0.0004736082385905,0.522989338503381,-0.2840358295059448,0.1308622618794167,1,Migration boom markets
12085,Martin County,2020,295176.6603206291,Florida,Martin County,512,158669,,,0.4834826799857556,-0.2518218550113831,0.1144166373607424,2,Balanced growth markets
12085,Martin County,2021,347542.6851453267,Florida,Martin County,2434,159925,15.279634896,0.1774057094074315,0.4834826799857556,-0.2518218550113831,0.1144166373607424,2,Balanced growth markets
12085,Martin County,2022,437889.4631216919,Florida,Martin County,2845,162379,17.654140191,0.2599587959636849,0.4834826799857556,-0.2518218550113831,0.1144166373607424,2,Balanced growth markets
12085,Martin County,2023,462741.2940666913,Florida,Martin County,1816,164241,11.119955912,0.0567536628258464,0.4834826799857556,-0.2518218550113831,0.1144166373607424,2,Balanced growth markets
12085,Martin County,2024,466506.5926527037,Florida,Martin County,1225,165666,7.4263353006,0.0081369409523017,0.4834826799857556,-0.2518218550113831,0.1144166373607424,2,Balanced growth markets
12086,Miami-Dade County,2020,326426.32388217346,Florida,Miami-Dade County,-7235,2695729,,,0.3761117933179463,-0.1447092096858604,0.0640805986404732,0,Stable markets
12086,Miami-Dade County,2021,368936.5488774332,Florida,Miami-Dade County,-41159,2669925,-15.34165267,0.1302291570412812,0.3761117933179463,-0.1447092096858604,0.0640805986404732,0,Stable markets
12086,Miami-Dade County,2022,449199.11394368246,Florida,Miami-Dade County,-38439,2713415,-14.28072535,0.2175511353116543,0.3761117933179463,-0.1447092096858604,0.0640805986404732,0,Stable markets
12086,Miami-Dade County,2023,490798.7599240775,Florida,Miami-Dade County,-50637,2774250,-18.45484373,0.0926084773747137,0.3761117933179463,-0.1447092096858604,0.0640805986404732,0,Stable markets
12086,Miami-Dade County,2024,526549.486691699,Florida,Miami-Dade County,-67418,2838461,-24.02332848,0.0728419256257939,0.3761117933179463,-0.1447092096858604,0.0640805986404732,0,Stable markets
12087,Monroe County,2020,607133.6129596467,Florida,Monroe County,4,82851,,,0.5402925135299486,-0.2771844814107447,0.1304076769121248,2,Balanced growth markets
12087,Monroe County,2021,720872.5926386677,Florida,Monroe County,-612,82234,-7.414362298,0.1873376424088393,0.5402925135299486,-0.2771844814107447,0.1304076769121248,2,Balanced growth markets
12087,Monroe County,2022,935163.3587541332,Florida,Monroe County,-756,82002,-9.206264156,0.2972657974567738,0.5402925135299486,-0.2771844814107447,0.1304076769121248,2,Balanced growth markets
12087,Monroe County,2023,973923.0713737244,Florida,Monroe County,-1476,81306,-18.07627305,0.0414469966736383,0.5402925135299486,-0.2771844814107447,0.1304076769121248,2,Balanced growth markets
12087,Monroe County,2024,993480.7283744996,Florida,Monroe County,-1374,80908,-16.94058466,0.0200813160460291,0.5402925135299486,-0.2771844814107447,0.1304076769121248,2,Balanced growth markets
12089,Nassau County,2020,315981.55458568956,Florida,Nassau County,808,91036,,,0.4565583842423295,-0.2273044220509539,0.1111721216947849,2,Balanced growth markets
12089,Nassau County,2021,371439.03293311223,Florida,Nassau County,3911,94413,42.178712207,0.1755085939118748,0.4565583842423295,-0.2273044220509539,0.1111721216947849,2,Balanced growth markets
12089,Nassau County,2022,460245.5825977114,Florida,Nassau County,3605,97891,37.49271986,0.2390878227399198,0.4565583842423295,-0.2273044220509539,0.1111721216947849,2,Balanced growth markets
12089,Nassau County,2023,473662.4175966384,Florida,Nassau County,3808,101579,38.181180127,0.0291514693594663,0.4565583842423295,-0.2273044220509539,0.1111721216947849,2,Balanced growth markets
12089,Nassau County,2024,479243.7716544838,Florida,Nassau County,2988,104376,29.016047195,0.0117834006889658,0.4565583842423295,-0.2273044220509539,0.1111721216947849,2,Balanced growth markets
12091,Okaloosa County,2020,256450.04031091757,Florida,Okaloosa County,188,212097,,,0.3770335649760818,-0.1816353601911741,0.0958698838426076,0,Stable markets
12091,Okaloosa County,2021,299795.42464915797,Florida,Okaloosa County,1083,213678,5.0871939405,0.1690207741269562,0.3770335649760818,-0.1816353601911741,0.0958698838426076,0,Stable markets
12091,Okaloosa County,2022,353140.3132476027,Florida,Okaloosa County,1814,217115,8.421678161,0.1779376341746135,0.3770335649760818,-0.1816353601911741,0.0958698838426076,0,Stable markets
12091,Okaloosa County,2023,360405.2287718512,Florida,Okaloosa County,201,219624,0.9204582142,0.0205723199864602,0.3770335649760818,-0.1816353601911741,0.0958698838426076,0,Stable markets
12091,Okaloosa County,2024,359072.5489809171,Florida,Okaloosa County,-1847,220483,-8.39341342,-0.0036977260165605,0.3770335649760818,-0.1816353601911741,0.0958698838426076,0,Stable markets
12093,Okeechobee County,2020,167633.65721837338,Florida,Okeechobee County,-17,39656,,,0.4420030319515202,-0.1666288085825717,0.0798920855695022,0,Stable markets
12093,Okeechobee County,2021,196634.52913432775,Florida,Okeechobee County,437,40034,10.967499059,0.1730014866774365,0.4420030319515202,-0.1666288085825717,0.0798920855695022,0,Stable markets
12093,Okeechobee County,2022,241728.24196601627,Florida,Okeechobee County,394,40416,9.7949036669,0.2293275399300978,0.4420030319515202,-0.1666288085825717,0.0798920855695022,0,Stable markets
12093,Okeechobee County,2023,259900.27471894177,Florida,Okeechobee County,1022,41603,24.921054878,0.0751754640050716,0.4420030319515202,-0.1666288085825717,0.0798920855695022,0,Stable markets
12093,Okeechobee County,2024,276195.69222069293,Florida,Okeechobee County,597,42369,14.219025389,0.062698731347526,0.4420030319515202,-0.1666288085825717,0.0798920855695022,0,Stable markets
12095,Orange County,2020,274813.80104549625,Florida,Orange County,-869,1431720,,,0.3918832438037782,-0.1929247939655267,0.0893420349846032,0,Stable markets
12095,Orange County,2021,311883.7504182479,Florida,Orange County,-14365,1427909,-10.04675781,0.134891148958762,0.3918832438037782,-0.1929247939655267,0.0893420349846032,0,Stable markets
12095,Orange County,2022,382508.72484125145,Florida,Orange County,5143,1465146,3.5554111484,0.2264464702899487,0.3918832438037782,-0.1929247939655267,0.0893420349846032,0,Stable markets
12095,Orange County,2023,400638.9419435508,Florida,Orange County,-7044,1501265,-4.749173328,0.0473981792436857,0.3918832438037782,-0.1929247939655267,0.0893420349846032,0,Stable markets
12095,Orange County,2024,414069.03087834135,Florida,Orange County,-18097,1533646,-11.92588514,0.0335216763244219,0.3918832438037782,-0.1929247939655267,0.0893420349846032,0,Stable markets
12097,Osceola County,2020,253047.64269487988,Florida,Osceola County,2010,391163,,,0.4513192306739815,-0.2634331888279471,0.119060901055703,2,Balanced growth markets
12097,Osceola County,2021,289209.48210799653,Florida,Osceola County,10416,404055,26.196590117,0.1429052609540406,0.4513192306739815,-0.2634331888279471,0.119060901055703,2,Balanced growth markets
12097,Osceola County,2022,367252.9101197976,Florida,Osceola County,12274,426556,29.554147489,0.2698508618837683,0.4513192306739815,-0.2634331888279471,0.119060901055703,2,Balanced growth markets
12097,Osceola County,2023,381083.8697630688,Florida,Osceola County,7276,447243,16.653715557,0.0376605855587626,0.4513192306739815,-0.2634331888279471,0.119060901055703,2,Balanced growth markets
12097,Osceola County,2024,383529.54144605534,Florida,Osceola County,5329,468058,11.644256917,0.0064176730558211,0.4513192306739815,-0.2634331888279471,0.119060901055703,2,Balanced growth markets
12099,Palm Beach County,2020,307726.53073259065,Florida,Palm Beach County,2666,1494276,,,0.4674907017927194,-0.2376664637182588,0.108092918309976,2,Balanced growth markets
12099,Palm Beach County,2021,356651.91510903806,Florida,Palm Beach County,8552,1503677,5.7052261993,0.1589898156001465,0.4674907017927194,-0.2376664637182588,0.108092918309976,2,Balanced growth markets
12099,Palm Beach County,2022,451585.82254500827,Florida,Palm Beach County,9274,1531542,6.1109264274,0.2661808430411663,0.4674907017927194,-0.2376664637182588,0.108092918309976,2,Balanced growth markets
12099,Palm Beach County,2023,477135.0524384552,Florida,Palm Beach County,-325,1557481,-0.210422519,0.0565766873491706,0.4674907017927194,-0.2376664637182588,0.108092918309976,2,Balanced growth markets
12099,Palm Beach County,2024,490740.2623119407,Florida,Palm Beach County,-7546,1582055,-4.807079772,0.0285143793229074,0.4674907017927194,-0.2376664637182588,0.108092918309976,2,Balanced growth markets
12101,Pasco County,2020,222508.1652138861,Florida,Pasco County,5370,566182,,,0.5331919052218783,-0.2635095244718561,0.1321723000189059,1,Migration boom markets
12101,Pasco County,2021,268308.2007206104,Florida,Pasco County,22368,585290,38.851140106,0.2058353025503534,0.5331919052218783,-0.2635095244718561,0.1321723000189059,1,Migration boom markets
12101,Pasco County,2022,341147.71775170247,Florida,Pasco County,24112,610584,40.325318554,0.2714770433235469,0.5331919052218783,-0.2635095244718561,0.1321723000189059,1,Migration boom markets
12101,Pasco County,2023,348447.835226855,Florida,Pasco County,22881,636049,36.708477956,0.0213986994351396,0.5331919052218783,-0.2635095244718561,0.1321723000189059,1,Migration boom markets
12101,Pasco County,2024,351224.0999228558,Florida,Pasco County,20361,659114,31.441602331,0.0079675188516907,0.5331919052218783,-0.2635095244718561,0.1321723000189059,1,Migration boom markets
12103,Pinellas County,2020,259212.7788891139,Florida,Pinellas County,2252,959839,,,0.4560565879243938,-0.2139070822768298,0.1062999227547255,2,Balanced growth markets
12103,Pinellas County,2021,306312.36265000864,Florida,Pinellas County,5309,959703,5.5315278332,0.1817023989432367,0.4560565879243938,-0.2139070822768298,0.1062999227547255,2,Balanced growth markets
12103,Pinellas County,2022,377428.4743756835,Florida,Pinellas County,6608,964693,6.8676093694,0.2321685978013623,0.4560565879243938,-0.2139070822768298,0.1062999227547255,2,Balanced growth markets
12103,Pinellas County,2023,390694.5485644759,Florida,Pinellas County,1708,967301,1.7681214331,0.0351485780471021,0.4560565879243938,-0.2139070822768298,0.1062999227547255,2,Balanced growth markets
12103,Pinellas County,2024,397829.2231284363,Florida,Pinellas County,-3973,965870,-4.110345127,0.0182615155245324,0.4560565879243938,-0.2139070822768298,0.1062999227547255,2,Balanced growth markets
12105,Polk County,2020,205211.29215458236,Florida,Polk County,5755,730179,,,0.4778886560629987,-0.2565581719026659,0.1222691902581409,2,Balanced growth markets
12105,Polk County,2021,240443.85307818957,Florida,Polk County,26886,755712,36.188387977,0.1716891919235472,0.4778886560629987,-0.2565581719026659,0.1222691902581409,2,Balanced growth markets
12105,Polk County,2022,303279.44077128713,Florida,Polk County,29407,790530,38.036736811,0.2613316451581906,0.4778886560629987,-0.2565581719026659,0.1222691902581409,2,Balanced growth markets
12105,Polk County,2023,310903.72597722727,Florida,Polk County,25334,824172,31.3791647,0.0251394726478999,0.4778886560629987,-0.2565581719026659,0.1222691902581409,2,Balanced growth markets
12105,Polk County,2024,312387.81659822253,Florida,Polk County,19745,852878,23.547300319,0.0047734732555246,0.4778886560629987,-0.2565581719026659,0.1222691902581409,2,Balanced growth markets
12107,Putnam County,2020,142797.8411449055,Florida,Putnam County,142,73386,,,0.4141877099678925,-0.1362968437279357,0.0983214374751322,0,Stable markets
12107,Putnam County,2021,172478.23355365515,Florida,Putnam County,1227,74116,16.637062548,0.2078490274837641,0.4141877099678925,-0.1362968437279357,0.0983214374751322,0,Stable markets
12107,Putnam County,2022,201942.95195707283,Florida,Putnam County,1102,74805,14.799793179,0.1708315176723542,0.4141877099678925,-0.1362968437279357,0.0983214374751322,0,Stable markets
12107,Putnam County,2023,203855.2850085138,Florida,Putnam County,1489,76211,19.719764793,0.0094696696909108,0.4141877099678925,-0.1362968437279357,0.0983214374751322,0,Stable markets
12107,Putnam County,2024,210895.36080812936,Florida,Putnam County,1177,77301,15.334306113,0.0345346739444185,0.4141877099678925,-0.1362968437279357,0.0983214374751322,0,Stable markets
12109,Saint Johns County,2020,330128.70471309446,Florida,St. Johns County,4183,277105,,,0.511859419237527,-0.2702646607922554,0.1321223994541391,1,Migration boom markets
12109,Saint Johns County,2021,392692.42569000466,Florida,St. Johns County,17327,293292,60.754176477,0.1895131204397466,0.511859419237527,-0.2702646607922554,0.1321223994541391,1,Migration boom markets
12109,Saint Johns County,2022,499108.191781176,Florida,St. Johns County,13091,307837,43.554711218,0.2709901162574932,0.511859419237527,-0.2702646607922554,0.1321223994541391,1,Migration boom markets
12109,Saint Johns County,2023,507826.3869742921,Florida,St. Johns County,11878,321510,37.747061637,0.0174675457880251,0.511859419237527,-0.2702646607922554,0.1321223994541391,1,Migration boom markets
12109,Saint Johns County,2024,508194.79240211454,Florida,St. Johns County,11661,334928,35.528107757,0.0007254554652378,0.511859419237527,-0.2702646607922554,0.1321223994541391,1,Migration boom markets
12111,Saint Lucie County,2020,236899.925970614,Florida,St. Lucie County,2720,331461,,,0.5507203581124884,-0.2697626529783046,0.1328433773873215,1,Migration boom markets
12111,Saint Lucie County,2021,284585.10679761233,Florida,St. Lucie County,14494,344300,42.896822989,0.2012882892707759,0.5507203581124884,-0.2697626529783046,0.1328433773873215,1,Migration boom markets
12111,Saint Lucie County,2022,367365.5380379725,Florida,St. Lucie County,14044,359882,39.887415469,0.290881108192464,0.5507203581124884,-0.2697626529783046,0.1328433773873215,1,Migration boom markets
12111,Saint Lucie County,2023,377941.06153029733,Florida,St. Lucie County,13598,376186,36.947673313,0.0287874675147989,0.5507203581124884,-0.2697626529783046,0.1328433773873215,1,Migration boom markets
12111,Saint Lucie County,2024,385922.5929118168,Florida,St. Lucie County,11634,390670,30.342072045,0.0211184552141594,0.5507203581124884,-0.2697626529783046,0.1328433773873215,1,Migration boom markets
12113,Santa Rosa County,2020,235768.50390147304,Florida,Santa Rosa County,955,189022,,,0.4197015581088132,-0.1785950404587926,0.1001110923917833,2,Balanced growth markets
12113,Santa Rosa County,2021,281663.81661594746,Florida,Santa Rosa County,5062,193751,26.449096462,0.1946626116508503,0.4197015581088132,-0.1785950404587926,0.1001110923917833,2,Balanced growth markets
12113,Santa Rosa County,2022,334720.9123419051,Florida,Santa Rosa County,4349,198363,22.182324528,0.1883702932219431,0.4197015581088132,-0.1785950404587926,0.1001110923917833,2,Balanced growth markets
12113,Santa Rosa County,2023,343919.8613352925,Florida,Santa Rosa County,4623,203569,23.003891205,0.027482444789679,0.4197015581088132,-0.1785950404587926,0.1001110923917833,2,Balanced growth markets
12113,Santa Rosa County,2024,347281.76491011266,Florida,Santa Rosa County,3578,207653,17.401792706,0.0097752527631505,0.4197015581088132,-0.1785950404587926,0.1001110923917833,2,Balanced growth markets
12115,Sarasota County,2020,285720.93346693437,Florida,Sarasota County,3729,436256,,,0.582714126588195,-0.342394689668837,0.1578047949157902,1,Migration boom markets
12115,Sarasota County,2021,344066.5513727876,Florida,Sarasota County,17488,448730,39.521529154,0.204204911407394,0.582714126588195,-0.342394689668837,0.1578047949157902,1,Migration boom markets
12115,Sarasota County,2022,452214.5576600828,Florida,Sarasota County,16403,464067,35.940083063,0.3143229292582978,0.582714126588195,-0.342394689668837,0.1578047949157902,1,Migration boom markets
12115,Sarasota County,2023,465243.3383663643,Florida,Sarasota County,8363,472079,17.866871193,0.0288110598953226,0.582714126588195,-0.342394689668837,0.1578047949157902,1,Migration boom markets
12115,Sarasota County,2024,452183.1388391443,Florida,Sarasota County,4434,476604,9.3476957002,-0.0280717604105391,0.582714126588195,-0.342394689668837,0.1578047949157902,1,Migration boom markets
12117,Seminole County,2020,276068.24562871834,Florida,Seminole County,179,471472,,,0.3736437815970437,-0.1737550390243727,0.0795047446865411,0,Stable markets
12117,Seminole County,2021,314383.4037207337,Florida,Seminole County,-1599,470935,-3.393438292,0.1387887187269811,0.3736437815970437,-0.1737550390243727,0.0795047446865411,0,Stable markets
12117,Seminole County,2022,379219.4289042942,Florida,Seminole County,5459,481084,11.468258512,0.2062323405632258,0.3736437815970437,-0.1737550390243727,0.0795047446865411,0,Stable markets
12117,Seminole County,2023,400606.9010954304,Florida,Seminole County,1901,489254,3.9182223102,0.0563986720114328,0.3736437815970437,-0.1737550390243727,0.0795047446865411,0,Stable markets
12117,Seminole County,2024,413617.5322208522,Florida,Seminole County,-2080,494605,-4.228248153,0.032477301538853,0.3736437815970437,-0.1737550390243727,0.0795047446865411,0,Stable markets
12119,Sumter County,2020,289944.2357271333,Florida,Sumter County,1190,130303,,,0.3706057492341059,-0.2830852110986793,0.1267311621453282,1,Migration boom markets
12119,Sumter County,2021,314568.09093030065,Florida,Sumter County,7213,134908,54.394425571,0.0849261760331765,0.3706057492341059,-0.2830852110986793,0.1267311621453282,1,Migration boom markets
12119,Sumter County,2022,397399.2364448978,Florida,Sumter County,11377,144978,81.297385364,0.2633170620377709,0.3706057492341059,-0.2830852110986793,0.1267311621453282,1,Migration boom markets
12119,Sumter County,2023,401951.0354201212,Florida,Sumter County,8724,152157,58.720783482,0.0114539701081046,0.3706057492341059,-0.2830852110986793,0.1267311621453282,1,Migration boom markets
12119,Sumter County,2024,394005.20743674977,Florida,Sumter County,4385,154693,28.580739775,-0.0197681490609084,0.3706057492341059,-0.2830852110986793,0.1267311621453282,1,Migration boom markets
12121,Suwannee County,2020,166942.8386834438,Florida,Suwannee County,112,43530,,,0.4389634700440763,-0.1206161843404851,0.1011202704601813,2,Balanced growth markets
12121,Suwannee County,2021,204272.10293766067,Florida,Suwannee County,880,44139,20.075511298,0.2236050647551311,0.4389634700440763,-0.1206161843404851,0.1011202704601813,2,Balanced growth markets
12121,Suwannee County,2022,240224.64645093677,Florida,Suwannee County,1508,45370,33.694935705,0.1760031986562942,0.4389634700440763,-0.1206161843404851,0.1011202704601813,2,Balanced growth markets
12121,Suwannee County,2023,241969.6390781382,Florida,Suwannee County,914,46134,19.977268753,0.0072640033109916,0.4389634700440763,-0.1206161843404851,0.1011202704601813,2,Balanced growth markets
12121,Suwannee County,2024,255371.61494175016,Florida,Suwannee County,1548,47536,33.052204548,0.055387014315809,0.4389634700440763,-0.1206161843404851,0.1011202704601813,2,Balanced growth markets
12123,Taylor County,2020,126424.81577244576,Florida,Taylor County,-23,21746,,,0.4229382282638962,-0.1722700513972557,0.1003387675821016,0,Stable markets
12123,Taylor County,2021,151232.7073512478,Florida,Taylor County,-783,20811,-36.79770661,0.1962264404122542,0.4229382282638962,-0.1722700513972557,0.1003387675821016,0,Stable markets
12123,Taylor County,2022,179894.70336383345,Florida,Taylor County,528,21347,25.048626595,0.1895224684830663,0.4229382282638962,-0.1722700513972557,0.1003387675821016,0,Stable markets
12123,Taylor County,2023,183687.67441138835,Florida,Taylor County,371,21766,17.210586134,0.0210843953525619,0.4229382282638962,-0.1722700513972557,0.1003387675821016,0,Stable markets
12123,Taylor County,2024,186856.7307838562,Florida,Taylor County,11,21843,0.5044830196,0.0172524170858106,0.4229382282638962,-0.1722700513972557,0.1003387675821016,0,Stable markets
12125,Union County,2020,155930.69929001873,Florida,Union County,-544,15433,,,0.3493246878010569,-0.1428152487126415,0.0587620103681837,0,Stable markets
12125,Union County,2021,174498.08158377223,Florida,Union County,581,15852,37.142400511,0.119074578503747,0.3493246878010569,-0.1428152487126415,0.0587620103681837,0,Stable markets
12125,Union County,2022,210401.14213810503,Florida,Union County,-255,15490,-16.27209495,0.2057504599962987,0.3493246878010569,-0.1428152487126415,0.0587620103681837,0,Stable markets
12125,Union County,2023,237031.07685043593,Florida,Union County,577,15993,36.654702538,0.1265674437016664,0.3493246878010569,-0.1428152487126415,0.0587620103681837,0,Stable markets
12125,Union County,2024,251948.6777528109,Florida,Union County,-133,15738,-8.382969336,0.0629352112836572,0.3493246878010569,-0.1428152487126415,0.0587620103681837,0,Stable markets
12127,Volusia County,2020,223222.8870805495,Florida,Volusia County,3422,555752,,,0.4473021498640475,-0.2223459267883953,0.1077350175749254,2,Balanced growth markets
12127,Volusia County,2021,261891.49939936635,Florida,Volusia County,14832,566481,26.433013465,0.1732287079723298,0.4473021498640475,-0.2223459267883953,0.1077350175749254,2,Balanced growth markets
12127,Volusia County,2022,323070.9643705388,Florida,Volusia County,15415,580481,26.87970482,0.2336061503007318,0.4473021498640475,-0.2223459267883953,0.1077350175749254,2,Balanced growth markets
12127,Volusia County,2023,333942.7649966462,Florida,Volusia County,12009,592622,20.473905531,0.0336514321158192,0.4473021498640475,-0.2223459267883953,0.1077350175749254,2,Balanced growth markets
12127,Volusia County,2024,337703.0351708361,Florida,Volusia County,9724,602772,16.269112945,0.0112602235123364,0.4473021498640475,-0.2223459267883953,0.1077350175749254,2,Balanced growth markets
12129,Wakulla County,2020,189788.7439111468,Florida,Wakulla County,130,33903,,,0.3577031723429202,-0.1313319224517952,0.0705752150397736,0,Stable markets
12129,Wakulla County,2021,220725.63411785697,Florida,Wakulla County,470,34287,13.785012465,0.1630069811789991,0.3577031723429202,-0.1313319224517952,0.0705752150397736,0,Stable markets
12129,Wakulla County,2022,257676.7796831421,Florida,Wakulla County,934,35159,26.898597471,0.1674075859515029,0.3577031723429202,-0.1313319224517952,0.0705752150397736,0,Stable markets
12129,Wakulla County,2023,270774.71071422496,Florida,Wakulla County,1300,36472,36.297133922,0.0508308550238365,0.3577031723429202,-0.1313319224517952,0.0705752150397736,0,Stable markets
12129,Wakulla County,2024,280543.088062182,Florida,Wakulla County,636,37115,17.28566187,0.0360756634997077,0.3577031723429202,-0.1313319224517952,0.0705752150397736,0,Stable markets
12131,Walton County,2020,436024.9043676946,Florida,Walton County,648,75891,,,0.6180301902362071,-0.3136086190641558,0.1654394513418293,1,Migration boom markets
12131,Walton County,2021,548442.096938675,Florida,Walton County,4082,79744,52.45606708,0.2578228707692815,0.6180301902362071,-0.3136086190641558,0.1654394513418293,1,Migration boom markets
12131,Walton County,2022,705501.4589617848,Florida,Walton County,2986,83100,36.673135025,0.2863736443642686,0.6180301902362071,-0.3136086190641558,0.1654394513418293,1,Migration boom markets
12131,Walton County,2023,706326.6212634138,Florida,Walton County,2779,86338,32.802559048,0.0011696110492007,0.6180301902362071,-0.3136086190641558,0.1654394513418293,1,Migration boom markets
12131,Walton County,2024,687089.8336034479,Florida,Walton County,2881,89666,32.737892321,-0.0272349746998872,0.6180301902362071,-0.3136086190641558,0.1654394513418293,1,Migration boom markets
12133,Washington County,2020,144608.31522501996,Florida,Washington County,33,25314,,,0.3834838046774516,-0.095086396664757,0.0893153789429149,0,Stable markets
12133,Washington County,2021,175851.10760326413,Florida,Washington County,-308,24856,-12.27825394,0.2160511470562971,0.3834838046774516,-0.095086396664757,0.0893153789429149,0,Stable markets
12133,Washington County,2022,200063.26213550687,Florida,Washington County,615,25426,24.462034128,0.1376855389894247,0.3834838046774516,-0.095086396664757,0.0893153789429149,0,Stable markets
12133,Washington County,2023,204771.0140665438,Florida,Washington County,154,25545,6.0426517039,0.0235313164485355,0.3834838046774516,-0.095086396664757,0.0893153789429149,0,Stable markets
12133,Washington County,2024,213494.08363873104,Florida,Washington County,975,26503,37.465416539,0.0425991423246676,0.3834838046774516,-0.095086396664757,0.0893153789429149,0,Stable markets
